Group Name,Group ID,Type,Access,Link
Ğ¢Ğ Ğ•ĞĞ£Ğ’ĞĞĞĞ¯//Ğ»ÑÑ‚Ğ¸Ğ¹,2451163848,Channel,Private,ğŸ”’ Private
BNB.CZ.PRAHA,2013487722,Supergroup,Private,ğŸ”’ Private
2-Ğ°Ñ 10Ñ‚ĞºĞ° BNB,2180080284,Supergroup,Private,ğŸ”’ Private
Ğ–Ğš ĞĞ¸Ğ²ĞºĞ¸-ĞŸĞ°Ñ€Ğº ĞÑ„Ñ–Ñ†Ñ–Ğ¹Ğ½Ğ° Ğ¡Ñ‚Ğ¾Ñ€Ñ–Ğ½ĞºĞ°,1233260865,Supergroup,Private,ğŸ”’ Private
Ğ–ÑƒÑ€Ğ±Ğ° & win-win âš¡ï¸ğŸ‡ºğŸ‡¦â¤ï¸ğŸ¯ğŸ’°ğŸš–ğŸ‘©â€â¤ï¸â€ğŸ‘¨ğŸ¤,1607115028,Supergroup,Private,ğŸ”’ Private
"Ğ¦Ğ•Ğ›Ğ¬ ĞŸĞĞ¡Ğ¢Ğ, Ğ¡Ğ£ĞšĞ!",1973316644,Supergroup,Private,ğŸ”’ Private
ĞÑ€ĞµĞ½Ğ´Ğ° | Ğ‘Ñ€Ğ°Ñ‚Ğ¸ÑĞ»Ğ°Ğ²Ğ° | Ğ¡Ğ»Ğ¾Ğ²Ğ°ĞºĞ¸Ñ | Ğ§Ğ°Ñ‚,1570959259,Supergroup,Public,https://t.me/rent_bratislava_slovakia
Ğ’ÑĞµ ĞºÑƒÑ€ÑÑ‹ Ğ¸ Ğ²ÑĞµ ĞºĞ½Ğ¸Ğ³Ğ¸,2206228852,Supergroup,Private,ğŸ”’ Private
Ğ¥Ñ‚Ğ¾ Ñ‡Ğ¸Ğ¼ ĞºĞ¾Ñ€Ğ¸ÑĞ½Ğ¸Ğ¹ -Ğ¶Ğº Ğ¯ÑĞºÑ€Ğ°Ğ²Ğ¸Ğ¹,1086526309,Supergroup,Private,ğŸ”’ Private
ĞĞ½Ñ–Ñ‚Ğ° Ğ¡Ğ¾Ğ»Ğ¾Ğ²ĞµĞ¹,1307763175,Channel,Public,https://t.me/anita_solovei
Ğ§ĞµÑ…Ğ¸Ñ ğŸ‡¨ğŸ‡¿ Ğ§Ğ°Ñ‚ TravelAsk,1789490061,Supergroup,Private,ğŸ”’ Private
NP7,1417402391,Supergroup,Private,ğŸ”’ Private
Ğ˜Ğ¡ĞŸĞĞĞ˜Ğ¯ ĞĞ•Ğ”Ğ’Ğ˜Ğ–Ğ˜ĞœĞĞ¡Ğ¢Ğ¬ ğŸ‡ªğŸ‡¸ Ğ˜ĞĞ’Ğ•Ğ¡Ğ¢Ğ˜Ğ¦Ğ˜Ğ˜ ğŸ‡ªğŸ‡¸ ĞĞ Ğ•ĞĞ”Ğ Ğ’Ğ˜Ğ›Ğ› ğŸ‡ªğŸ‡¸,1419085558,Channel,Public,https://t.me/spainestate
Boost STANDART Networking,2162743482,Supergroup,Private,ğŸ”’ Private
PRAHA.CZ. BUSINESS LUNCH,2007705377,Supergroup,Private,ğŸ”’ Private
ĞŸĞ¾Ğ´Ñ–Ñ— Ğ½Ğ° Concert.ua,1124650356,Channel,Public,https://t.me/Concertua
ĞšĞ¾Ğ½Ñ„ĞµÑ€ĞµĞ½Ñ†Ğ¸Ñ Ğ² ĞŸÑ€Ğ°Ğ³Ğµ STANDART,2382978900,Supergroup,Private,ğŸ”’ Private
BNB. ALL CLUBS,1511190397,Supergroup,Private,ğŸ”’ Private
Ğ›Ñ–Ğ»Ñ–Ñ ĞšĞ°Ñ€Ğ¿ĞµĞ½ĞºĞ¾ â€¢ Chat ĞĞ²Ñ‚Ğ¾Ğ¼Ğ°Ñ‚Ğ¸Ğ·Ğ°Ñ†Ñ–Ñ— Ğ´Ğ»Ñ Ğ±Ñ–Ğ·Ğ½ĞµÑÑƒ Ñ– ĞµĞºÑĞ¿ĞµÑ€Ñ‚Ñ–Ğ²,2462389769,Supergroup,Private,ğŸ”’ Private
Ğ›Ñ–Ğ»Ñ ĞšĞ°Ñ€Ğ¿ĞµĞ½ĞºĞ¾ â€¢ ĞĞ²Ñ‚Ğ¾Ğ¼Ğ°Ñ‚Ğ¸Ğ·Ğ°Ñ†Ñ–Ñ— Ñ‚Ğ° Ğ¨Ñ‚ÑƒÑ‡Ğ½Ğ¸Ğ¹ Ñ–Ğ½Ñ‚ĞµĞ»ĞµĞºÑ‚ Ğ´Ğ»Ñ Ğ’Ğ°ÑˆĞ¾Ñ— ĞŸÑ€Ğ¾Ğ´ÑƒĞºÑ‚Ğ¸Ğ²Ğ½Ğ¾ÑÑ‚Ñ–,2495965453,Channel,Public,https://t.me/lkarpenko_pro_it
SCALEINIT Ñ‚ĞµÑÑ‚Ñ‹,2421961343,Channel,Public,https://t.me/scaleinit_test
ĞœĞ°Ñ€Ğ¸Ğ½Ğ° Ğ¥Ğ¼Ñ”Ğ»Ğ¾Ğ²ÑÑŒĞºĞ° | ĞŸÑ€Ğ¾ ĞºĞ°Ñ€Ğ¼Ñƒ,1248061916,Channel,Public,https://t.me/marina_khmelovskaya
Vinegret.cz | ĞĞ¾Ğ²Ğ¾ÑÑ‚Ğ¸ Ğ§ĞµÑ…Ğ¸Ğ¸ | ĞĞ¾Ğ²Ğ¾ÑÑ‚Ğ¸ ĞŸÑ€Ğ°Ğ³Ğ¸,1378153998,Channel,Public,https://t.me/vinegret_cz
Ğ”Ğ¶Ğ¾Ğ½ ĞšĞµÑ…Ğ¾ | ĞÑ„Ğ¸Ñ†Ğ¸Ğ°Ğ»ÑŒĞ½Ñ‹Ğ¹ ĞºĞ°Ğ½Ğ°Ğ»,1447169633,Channel,Public,https://t.me/johnkehoe
ĞšĞ Ğ˜ĞŸĞ¢ĞĞ’ĞĞ›Ğ®Ğ¢Ğ Ğ‘Ğ˜Ğ¢ĞšĞĞ˜Ğ ĞĞ‘ĞœĞ•Ğ ĞŸĞ ĞĞ“Ğ ĞœĞ•Ğ–Ğ”Ğ£ĞĞĞ ĞĞ”ĞĞ«Ğ• ĞŸĞ•Ğ Ğ•Ğ’ĞĞ”Ğ« ĞŸĞ•Ğ Ğ•Ğ¡Ğ¢ĞĞĞĞ’ĞšĞ Ğ®Ğ¡Ğ”Ğ¢ ĞšĞ ĞĞĞ Ğ•Ğ’Ğ Ğ Ğ Ğ£Ğ‘Ğ›Ğ¬ Ğ“Ğ Ğ˜Ğ’ĞĞ Ğ”ĞĞ›Ğ›ĞĞ  Ğ‘Ğ¢Ğ¦ ĞšĞ Ğ˜ĞŸĞ¢Ğ Ğ”Ğ•ĞĞ¬Ğ“Ğ˜ ĞĞĞ›Ğ˜Ğ§,2217483693,Supergroup,Public,https://t.me/cryptocurrencies_prague
Ğ¢Ğ²Ğ¾ĞµĞŸĞµÑ€ĞµÑ€Ğ¾Ğ¶Ğ´ĞµĞ½Ğ¸Ğµ,2070652349,Supergroup,Public,https://t.me/TvoePererozdenie
Ğ¡Ğ»Ğ¾Ğ²Ğ°ĞºĞ¸Ñ Ğ’ĞĞ– | Ğ§ĞĞ¢ | Ğ ĞµĞ»Ğ¾ĞºĞ°Ñ†Ğ¸Ñ,1884257868,Supergroup,Public,https://t.me/slovakia_chat_vng
ITCAT,1376147094,Channel,Public,https://t.me/cat_proit
ĞšÑƒÑ€Ñ-Ğ¿Ñ€Ğ°ĞºÑ‚Ğ¸ĞºÑƒĞ¼ Â«ĞœÑƒĞ¶Ñ‡Ğ¸Ğ½Ğ° ĞœĞµÑ‡Ñ‚Ñ‹Â»,2368285009,Channel,Private,ğŸ”’ Private
ĞœÑƒĞ¶Ñ‡Ğ¸Ğ½Ğ° Ğ¼ĞµÑ‡Ñ‚Ñ‹,2186234703,Channel,Public,https://t.me/manofmydream
Ğ¡Ñ‚Ğ²Ğ¾Ñ€Ğ¸ ÑĞµĞ±Ğµ,1843017809,Channel,Public,https://t.me/stvorysebe_by_nazar_stodolya
Ğ”Ğ½ĞµĞ²Ğ½Ğ¸Ğº Ğ¡Ğ¾Ñ†ÑĞµÑ‚Ğ¸ 2024,2006330717,Channel,Private,ğŸ”’ Private
Ğ¦Ğ•Ğ›Ğ˜ 2024,2248478830,Supergroup,Private,ğŸ”’ Private
Ğ‘ĞĞ“ĞĞ¢Ğ«Ğ• Ğ›Ğ£Ğ§Ğ¨Ğ• Ğ‘Ğ•Ğ”ĞĞ«Ğ¥ Ğ¸Ğ»Ğ¸ ĞœĞµÑ‚Ğ¾Ğ´Ğ¸Ñ‡ĞºĞ° Ğº ĞºÑƒÑ€ÑÑƒ Ğ˜ĞĞ’Ğ•Ğ¡Ğ¢Ğ˜Ğ ĞĞ’ĞĞĞ˜Ğ•,2140286611,Channel,Private,ğŸ”’ Private
Ğ¨ĞšĞĞ›Ğ Ğ Ğ˜Ğ•Ğ›Ğ¢ĞĞ ĞĞ’-2,1960207042,Channel,Private,ğŸ”’ Private
ĞšĞ½Ğ¸Ğ³Ğ¸ Ğº ĞºÑƒÑ€ÑÑƒ Ğ¡ĞĞ¦Ğ¡Ğ•Ğ¢Ğ˜,1791558936,Channel,Private,ğŸ”’ Private
ĞšĞ½Ğ¸Ğ³Ğ° Ğ¦Ğ•Ğ›Ğ˜,2214890977,Channel,Private,ğŸ”’ Private
ĞĞ°Ñ‚Ğ°Ğ»Ñ–Ñ ĞšĞ°Ğ¿Ñ†Ğ¾Ğ²Ğ°ğŸ‡ºğŸ‡¦,1348256796,Supergroup,Private,ğŸ”’ Private
ĞšĞ½Ğ¸Ğ³Ğ° Ğ¡ĞĞœĞĞĞ¦Ğ†ĞĞšĞ,1779596911,Channel,Private,ğŸ”’ Private
Ğ§Ğ¢ĞĞ‘Ğ« Ğ§Ğ¢Ğ?,1879450068,Channel,Private,ğŸ”’ Private
Ğ’Ğ¾ĞºĞ°Ğ» Ğ¡ĞµĞ¼ÑŒÑğŸ¤,1759066219,Supergroup,Private,ğŸ”’ Private
Ğ§ĞĞ¢ Ğ²Ğ»Ğ°ÑĞ½Ğ¸ĞºÑ–Ğ² ĞºĞ²Ğ°Ñ€Ñ‚Ğ¸Ñ€ Ğ² Ğ–Ğš ĞĞ¸Ğ²ĞºĞ¸ ĞŸĞ°Ñ€Ğº,1438308653,Supergroup,Private,ğŸ”’ Private
ĞŸĞŸ Â«Ğ”Ğ·Ğ²Ñ–Ğ½ĞºĞ¾Ğ²Ğµ â€“ Ğ›Ğ¾Ğ½ÑŒÑÂ». Dzvinkove â€“ Lonya,1661124024,Supergroup,Public,https://t.me/dzvinkovelonya
ĞĞ»ÑŒĞ³Ğ° Ğ—ĞµÑ€ĞµĞ½ĞºĞ¾Ğ²Ğ° | Ğ‘Ğ¸Ğ·Ğ½ĞµÑ,2228511925,Channel,Public,https://t.me/olgazerenkov
ğ—¨ğ—¸ğ—¿ğ—®ğ—¶ğ—»ğ—² ğ— ğ˜‚ğ˜€ğ—¶ğ—° ğŸ•ŠğŸ‡ºğŸ‡¦ | Ğ£ĞºÑ€Ğ°Ñ—Ğ½ÑÑŒĞºĞ° ĞœÑƒĞ·Ğ¸ĞºĞ° | Ğ£ĞºÑ€Ğ°Ñ—Ğ½ÑÑŒĞºÑ– Ñ€ĞµĞ¼Ñ–ĞºÑĞ¸,1767514605,Channel,Public,https://t.me/ukrainemusictop1
Ğ¢Ğ¾Ğ¹ ÑĞ°Ğ¼Ğ¸Ğ¹ Ğ‘Ğ°Ğ±Ñ–Ñ‡,1621348684,Channel,Public,https://t.me/toisamyibabich
ĞœĞ¸Ñ…Ğ°Ğ¸Ğ» Ğ–Ğ¸Ğ»Ğ¸Ğ½. Ğ¡Ğ¼ĞµÑ…Ğ¾Ñ‚ĞµÑ€Ğ°Ğ¿Ğ¸Ñ.,1493763164,Channel,Public,https://t.me/zhilinpro
Ğ’ÑÑ‚Ñ€ĞµÑ‡Ğ¸ | Ğ£ÑĞ»ÑƒĞ³Ğ¸ | ĞŸÑ€Ğ°Ğ³Ğ°,1788453342,Supergroup,Private,ğŸ”’ Private
ĞœĞĞ¡Ğ¢Ğ•Ğ  & ĞœĞĞ”Ğ•Ğ›Ğ¬ | ĞŸĞ ĞĞ“Ğ,1184045350,Channel,Public,https://t.me/model_praha
Svitlo na StaromÃ¡ku ğŸ’¡ Ğ“Ñ€Ğ¾Ğ¼Ğ°Ğ´ÑÑŒĞºĞ¸Ğ¹ Ñ†ĞµĞ½Ñ‚Ñ€ Ğ¡Ğ²Ñ–Ñ‚Ğ»Ğ¾,1613731368,Channel,Public,https://t.me/svitlopraha
Ğ‘Ğ°Ğ·Ğ°Ñ€ Ğ±Ğ¸Ğ»ĞµÑ‚Ğ¾Ğ² | Ğ§ĞµÑ…Ğ¸Ñ,1811873311,Supergroup,Public,https://t.me/czech_info_chat3
BNB ĞĞµÑ‚Ğ²Ğ¾Ñ€ĞºĞ¸Ğ½Ğ³ Ğ¾Ğ½Ğ»Ğ°Ğ¹Ğ½,2178474068,Supergroup,Private,ğŸ”’ Private
Ğ¨ĞºĞ¾Ğ»Ğ° ĞšĞ°Ñ€Ğ¼Ğ¾Ğ»Ğ¾Ğ³Ñ–Ñ— âœ¨ ĞœĞ°Ñ€Ğ¸Ğ½Ğ¸ Ğ¥Ğ¼Ñ”Ğ»Ğ¾Ğ²ÑÑŒĞºĞ¾Ñ—,1808967918,Channel,Public,https://t.me/khmelovskay_karmology
ĞœĞ°Ñ€Ñ–Ğ°Ğ½Ğ½Ğ° Ğ–ÑƒÑ€Ğ°Ğ²Ñ‡Ğ°Ğº Â©,1971305036,Channel,Public,https://t.me/zhuravchak_marianna
KOVER | Ğ§ĞµÑˆÑĞºĞ¸Ğ¹ ÑĞ·Ñ‹Ğº | Ğ§ĞµÑ…Ğ¸Ñ,1626763501,Channel,Public,https://t.me/kover_czech
CZ | Ğ”ĞµÑˆĞµĞ²Ñ‹Ğµ Ñ‚ÑƒÑ€Ñ‹ Ğ¸ Ğ±Ğ¸Ğ»ĞµÑ‚Ñ‹ Ğ¸Ğ· Ğ§ĞµÑ…Ğ¸Ğ¸,1767829217,Channel,Public,https://t.me/cz_trip
Ğ’ÑĞµĞ»ĞµĞ½Ğ½Ğ°Ñ ĞšÑ€Ğ°ÑĞ¾Ñ‚Ñ‹,1220053062,Channel,Private,ğŸ”’ Private
ğŸ“š Book club Praga,2118626481,Supergroup,Public,https://t.me/bookclubpraga
ĞŸĞ ĞĞ“Ğ ğŸ˜ PRAHA,1988493018,Channel,Public,https://t.me/praha_czech1
Ğ—ĞœĞ†ĞĞ˜ / Natalie Rusnak/,1730123905,Channel,Public,https://t.me/zminu_by_natalia_rusnak
"ĞĞ Ğ•ĞĞ”Ğ Ğ’Ğ˜Ğ›Ğ›: Ğ˜Ğ¡ĞŸĞĞĞ˜Ğ¯, Ğ“Ğ Ğ•Ğ¦Ğ˜Ğ¯, Ğ¡ĞĞ Ğ”Ğ˜ĞĞ˜Ğ¯, ĞŸĞĞ Ğ¢Ğ£Ğ“ĞĞ›Ğ˜Ğ¯ â˜€ï¸ğŸŒ´ğŸŒŠ",2103122969,Channel,Public,https://t.me/rental_villas
Ğ—Ğ°Ñ‚Ğ¸ÑˆĞ½Ğ¸Ğ¹ Ğ¼Ğ°Ñ€ĞºĞµÑ‚Ğ¸Ğ½Ğ³ğŸ‡ºğŸ‡¦,1491864851,Channel,Public,https://t.me/cozymarketingua
CZ | Ğ‘ĞµÑĞ¿Ğ»Ğ°Ñ‚Ğ½Ñ‹Ğµ Ğ¼ĞµÑ€Ğ¾Ğ¿Ñ€Ğ¸ÑÑ‚Ğ¸Ñ Ğ¸ Ğ°ĞºÑ†Ğ¸Ğ¸ Ğ² Ğ§ĞµÑ…Ğ¸Ğ¸,2140857718,Channel,Public,https://t.me/cz_free
Soft Skills fwdays,2036536013,Supergroup,Private,ğŸ”’ Private
ĞĞµÑ‚ĞµÑ…Ğ½Ñ–Ñ‡Ğ½Ğµ IT,1725055100,Channel,Public,https://t.me/nontechnical_it
ĞœĞ°Ñ€ĞºĞµÑ‚Ğ¸Ğ½Ğ³ Ğ² Ğ§ĞµÑ…Ğ¸Ğ¸,2066849216,Channel,Public,https://t.me/marketing_backpack
Web Academy | Create Your IT Future,1116310171,Channel,Public,https://t.me/webacademycomua
Ğ©Ğ¾ Ğ·Ğ°Ñ€Ğ°Ğ· Ğ¿Ñ€Ğ°Ñ†ÑÑ” Ğ² IT-Ğ¿Ñ€Ğ¾Ğ´Ğ°Ğ¶Ğ°Ñ…,1719902098,Channel,Public,https://t.me/growthaccelerator2
Ğ¯Ğ½Ğ¸Ğ½Ğ° Ğ‘Ğ¾Ğ³ÑƒĞ½ & Ğ¡Ğ¾,1509358598,Channel,Private,ğŸ”’ Private
ĞĞ»ĞµĞºÑ Ğ˜ÑÑƒĞ¿Ğ¾Ğ²Ğ°,1735121992,Channel,Public,https://t.me/aleks_isupova
Solid English School,1251861193,Channel,Public,https://t.me/solid_english_school
BNB Ğ½ĞµÑ‚Ğ²Ğ¾Ñ€ĞºĞ¸Ğ½Ğ³ Ğ¾Ğ½Ğ»Ğ°Ğ¹Ğ½,1992781735,Supergroup,Private,ğŸ”’ Private
Ğ¢ĞĞ—ĞĞ’Ğ• Ğ”ĞĞ,1747758317,Channel,Private,ğŸ”’ Private
ĞŸÑ€Ğ°Ğ³Ğ° Boost,2358132009,Supergroup,Private,ğŸ”’ Private
"ĞĞ°ÑÑ‚Ğ°Ğ²Ğ½Ğ¸ĞºĞ¸, Ğ¿Ğ¾Ñ€Ğ°Ğ´Ğ½Ğ¸ĞºĞ¸ Ğ· Ğ†Ğ¢ Ğ½Ğ°Ğ¿Ñ€ÑĞ¼Ñ–Ğ²",1610597971,Channel,Public,https://t.me/prohood_1
Ğ¢Ğ Ğ•ĞĞ£Ğ’ĞĞĞĞ¯//Ğ»ÑÑ‚Ğ¸Ğ¹ Chat,2457966993,Supergroup,Private,ğŸ”’ Private
ĞÑ€ĞµĞ½Ğ´Ğ° | Ğ‘Ñ€Ğ°Ñ‚Ğ¸ÑĞ»Ğ°Ğ²Ğ° | ĞĞµĞ´Ğ²Ğ¸Ğ¶Ğ¸Ğ¼Ğ¾ÑÑ‚ÑŒ,1840072195,Channel,Public,https://t.me/rent_slovakia
ĞŸĞ¾Ğ´Ñ–Ñ— Ğ½Ğ° Concert.ua â€” Ñ‡Ğ°Ñ‚,2388080799,Supergroup,Private,ğŸ”’ Private
ĞœĞ°Ñ€Ğ¸Ğ½Ğ° Ğ¥Ğ¼ĞµĞ»Ğ¾Ğ²ÑĞºĞ°Ñ | Ğ§Ğ°Ñ‚,1353740641,Supergroup,Private,ğŸ”’ Private
Vinegret.cz â€“ Ñ‡Ğ°Ñ‚-Ğ³Ñ€ÑƒĞ¿Ğ¿Ğ°,2492432675,Supergroup,Public,https://t.me/vinegret_chat
Ğ”Ğ¶Ğ¾Ğ½ ĞšĞµÑ…Ğ¾ | ĞÑ„Ğ¸Ñ†Ğ¸Ğ°Ğ»ÑŒĞ½Ñ‹Ğ¹ ĞºĞ°Ğ½Ğ°Ğ» Ğ½Ğ° Ñ€ÑƒÑÑĞºĞ¾Ğ¼ Chat,1486617836,Supergroup,Private,ğŸ”’ Private
Ğ’ÑÑ‚Ñ€Ğ°Ğ¸Ğ²Ğ°ÑÑÑŒ Ğ² ÑĞ¾Ğ²ĞµÑ€ÑˆĞµĞ½ÑÑ‚Ğ²Ğ¾â€ŒğŸ’ Ğ’Ğ°Ğ»ĞµÑ€Ğ¸Ğ¹ Ğ¡Ñ‚ĞµĞ¹Ğ½,1530452990,Channel,Public,https://t.me/notoneone
Ğ¡Ñ‚Ğ²Ğ¾Ñ€Ğ¸ ÑĞµĞ±Ğµ Chat,2168009314,Supergroup,Private,ğŸ”’ Private
Ğ‘ĞĞ“ĞĞ¢Ğ«Ğ• Ğ›Ğ£Ğ§Ğ¨Ğ• Ğ‘Ğ•Ğ”ĞĞ«Ğ¥ Ğ¸Ğ»Ğ¸ ĞœĞµÑ‚Ğ¾Ğ´Ğ¸Ñ‡ĞºĞ° Ğº ĞºÑƒÑ€ÑÑƒ Ğ˜ĞĞ’Ğ•Ğ¡Ğ¢Ğ˜Ğ ĞĞ’ĞĞĞ˜Ğ• Chat,2082156627,Supergroup,Private,ğŸ”’ Private
ĞšĞ½Ğ¸Ğ³Ğ° Ğ¡Ğ˜Ğ¡Ğ¬ĞšĞ˜ Ğ˜ ĞšĞĞ¢Ğ˜ĞšĞ˜ Chat,1866178160,Supergroup,Private,ğŸ”’ Private
ĞšĞ½Ğ¸Ğ³Ğ° Ğ¦Ğ•Ğ›Ğ˜ Chat,2184355675,Supergroup,Private,ğŸ”’ Private
ĞšĞ½Ğ¸Ğ³Ğ° Ğ¡ĞĞœĞĞĞ¦Ğ†ĞĞšĞ Chat,1868849148,Supergroup,Private,ğŸ”’ Private
Ğ§Ğ¢ĞĞ‘Ğ« Ğ§Ğ¢Ğ? Chat,1986310156,Supergroup,Private,ğŸ”’ Private
ĞĞ»ÑŒĞ³Ğ° Ğ—ĞµÑ€ĞµĞ½ĞºĞ¾Ğ²Ğ° | Ğ‘Ğ¸Ğ·Ğ½ĞµÑ Chat,2197565596,Supergroup,Private,ğŸ”’ Private
Chat Ukraine Music,1267264158,Supergroup,Private,ğŸ”’ Private
Ğ¡ĞµÑ€Ğ³Ñ–Ğ¹ Ğ‘Ğ°Ğ±Ñ–Ñ‡ Ñ‚Ğ° Ğ”Ğ¸Ğ²Ğ¾Ğ²Ğ¸Ğ¶Ğ½Ğ¸Ğ¹ ÑĞ²Ñ–Ñ‚ Ğ²ĞµĞ±Ñ€Ğ¾Ğ·Ñ€Ğ¾Ğ±ĞºĞ¸,1717803842,Supergroup,Public,https://t.me/toisamyibabichat
KINOVARTA | Ğ£ĞºÑ€Ğ°Ñ—Ğ½ÑÑŒĞºĞµ ĞºÑ–Ğ½Ğ¾ Ğ² ĞŸÑ€Ğ°Ğ·Ñ–.,2132703762,Channel,Public,https://t.me/kinovarta_prague
Svitlo na StaromÃ¡ku ğŸ’¡ Ğ“Ñ€Ğ¾Ğ¼Ğ°Ğ´ÑÑŒĞºĞ¸Ğ¹ Ñ†ĞµĞ½Ñ‚Ñ€ Ğ¡Ğ²Ñ–Ñ‚Ğ»Ğ¾ Chat,1695268044,Supergroup,Private,ğŸ”’ Private
ĞšĞ¾Ğ¼ĞµĞ½Ñ‚Ğ°Ñ€Ñ– | Ğ¨ĞºĞ¾Ğ»Ğ° ĞšĞ°Ñ€Ğ¼Ğ¾Ğ»Ğ¾Ğ³Ñ–Ñ—,1576460207,Supergroup,Private,ğŸ”’ Private
ĞœĞĞ â€˜Ğ¯ĞĞ Ğ–Ğ£Ğ ĞĞ’Ğ§ĞĞš,1904759864,Supergroup,Private,ğŸ”’ Private
KOVER | Ğ§Ğ°Ñ‚ Ğ¿Ğ¾ Ñ‡ĞµÑˆÑĞºĞ¾Ğ¼Ñƒ ÑĞ·Ñ‹ĞºÑƒ,1745744280,Supergroup,Public,https://t.me/kover_hezky_cesky
CZ TRIP | Ğ§Ğ°Ñ‚,2386699799,Supergroup,Public,https://t.me/cz_trip_chat
Ğ¯Ğ½Ğ°ğŸ«¦,2347114713,Channel,Public,https://t.me/yana_sexyya
Zminu ğŸ¤ Chat,1665172569,Supergroup,Private,ğŸ”’ Private
Ğ“Ğ¾Ğ²Ğ¾Ñ€Ğ¸Ğ¼Ğ¾ Ğ¿Ñ€Ğ¾ Ğ´Ñ–Ğ´Ğ¶Ğ¸Ñ‚Ğ°Ğ»,1334406851,Supergroup,Private,ğŸ”’ Private
CZ FREE | Ğ§Ğ°Ñ‚,2323199709,Supergroup,Public,https://t.me/cz_free_chat
IAMPM | Ğ§Ğ°Ñ‚ ĞºĞ°Ğ½Ğ°Ğ»Ñƒ ĞĞµÑ‚ĞµÑ…Ğ½Ñ–Ñ‡Ğ½Ğµ IT,1630679566,Supergroup,Private,ğŸ”’ Private
Ñ‡Ğ°Ñ‚ ĞœĞ°Ñ€ĞºĞµÑ‚Ğ¸Ğ½Ğ³ Ğ² Ğ§ĞµÑ…Ğ¸Ğ¸,2139568129,Supergroup,Private,ğŸ”’ Private
Web Academy | Chat,1954219864,Supergroup,Public,https://t.me/web_academy_chat
Ğ§ĞĞ¢ Ğ¯Ğ½Ğ¸Ğ½Ğ° Ğ‘Ğ¾Ğ³ÑƒĞ½ & Ğ¡Ğ¾,1615294498,Supergroup,Private,ğŸ”’ Private
ĞĞ»ĞµĞºÑ Ğ˜ÑÑƒĞ¿Ğ¾Ğ²Ğ° Ñ‡Ğ°Ñ‚ â¤ï¸â€ğŸ”¥,2043082471,Supergroup,Private,ğŸ”’ Private
Solid Telegram Chat,1818986337,Supergroup,Private,ğŸ”’ Private
ĞšÑƒÑ€Ñ Â«Ğ¢ĞĞ—ĞĞ’Ğ• Ğ”ĞĞÂ» Chat,1813045348,Supergroup,Private,ğŸ”’ Private
Prohood Ğ¿Ñ–Ğ´Ñ‚Ñ€Ğ¸Ğ¼ĞºĞ°,1612412438,Supergroup,Private,ğŸ”’ Private
